{
  "val": {
    "count": 2368,
    "MAE": 4.210136275337835,
    "RMSE": 6.005476744140553,
    "MedianAE": 3.0025000000000013,
    "Acc@1": 0.22339527027027026,
    "Acc@3": 0.5,
    "CS@5": 0.6828547297297297,
    "CMAE": 5.068714620848877,
    "CS@1": 0.22339527027027026,
    "CS@2": 0.3876689189189189,
    "CS@3": 0.5,
    "CS@4": 0.6085304054054054,
    "CS@6": 0.7516891891891891,
    "CS@7": 0.8015202702702703,
    "CS@8": 0.8509290540540541,
    "CS@9": 0.8847128378378378,
    "CS@10": 0.9138513513513513,
    "balanced_route_ratio": 0.19890202702702703
  },
  "test": {
    "count": 2368,
    "MAE": 4.4008488597972955,
    "RMSE": 6.597414867021565,
    "MedianAE": 3.0899,
    "Acc@1": 0.23479729729729729,
    "Acc@3": 0.49197635135135137,
    "CS@5": 0.6798986486486487,
    "CMAE": 5.52952829955723,
    "CS@1": 0.23479729729729729,
    "CS@2": 0.38302364864864863,
    "CS@3": 0.49197635135135137,
    "CS@4": 0.5962837837837838,
    "CS@6": 0.7440878378378378,
    "CS@7": 0.8002533783783784,
    "CS@8": 0.8403716216216216,
    "CS@9": 0.8762668918918919,
    "CS@10": 0.902027027027027,
    "balanced_route_ratio": 0.20185810810810811
  }
}