{
  "test": {
    "count": 2368,
    "MAE": 4.530889695945934,
    "RMSE": 6.72421440035947,
    "MedianAE": 3.179400000000001,
    "Acc@1": 0.2360641891891892,
    "Acc@3": 0.48184121621621623,
    "CS@5": 0.6613175675675675,
    "CMAE": 5.228276216251045,
    "CS@1": 0.2360641891891892,
    "CS@2": 0.3728885135135135,
    "CS@3": 0.48184121621621623,
    "CS@4": 0.5836148648648649,
    "CS@6": 0.7233952702702703,
    "CS@7": 0.784206081081081,
    "CS@8": 0.8302364864864865,
    "CS@9": 0.8665540540540541,
    "CS@10": 0.8952702702702703,
    "balanced_route_ratio": 0.0
  }
}