{
  "test": {
    "count": 2368,
    "MAE": 4.409507770270264,
    "RMSE": 6.617160389175453,
    "MedianAE": 3.044400000000003,
    "Acc@1": 0.23310810810810811,
    "Acc@3": 0.4953547297297297,
    "CS@5": 0.6693412162162162,
    "CMAE": 5.529032049392216,
    "CS@1": 0.23310810810810811,
    "CS@2": 0.38302364864864863,
    "CS@3": 0.4953547297297297,
    "CS@4": 0.597972972972973,
    "CS@6": 0.738597972972973,
    "CS@7": 0.8006756756756757,
    "CS@8": 0.8420608108108109,
    "CS@9": 0.8737331081081081,
    "CS@10": 0.9024493243243243,
    "balanced_route_ratio": 0.20185810810810811
  }
}