{
  "overall": {
    "count": 2368,
    "MAE": 4.3674222550675665,
    "RMSE": 6.563228729215977,
    "MedianAE": 3.036999999999999,
    "Acc@1": 0.2326858108108108,
    "Acc@3": 0.49619932432432434,
    "CS@5": 0.6870777027027027,
    "CMAE": 5.569324004861266,
    "CS@1": 0.2326858108108108,
    "CS@2": 0.3796452702702703,
    "CS@3": 0.49619932432432434,
    "CS@4": 0.5983952702702703,
    "CS@6": 0.7504222972972973,
    "CS@7": 0.8048986486486487,
    "CS@8": 0.839527027027027,
    "CS@9": 0.8788006756756757,
    "CS@10": 0.9045608108108109,
    "balanced_route_ratio": 0.0
  },
  "by_age_group": {
    "00-09": {
      "count": 339,
      "MAE": 1.2696610619469022,
      "Acc@1": 0.6932153392330384,
      "Acc@3": 0.9321533923303835,
      "CS@5": 0.9823008849557522
    },
    "10-19": {
      "count": 133,
      "MAE": 3.7001466165413537,
      "Acc@1": 0.2932330827067669,
      "Acc@3": 0.5789473684210527,
      "CS@5": 0.7518796992481203
    },
    "20-29": {
      "count": 717,
      "MAE": 3.4275193863319404,
      "Acc@1": 0.20781032078103207,
      "Acc@3": 0.5481171548117155,
      "CS@5": 0.7684797768479776
    },
    "30-39": {
      "count": 464,
      "MAE": 4.866917241379311,
      "Acc@1": 0.125,
      "Acc@3": 0.36637931034482757,
      "CS@5": 0.5883620689655172
    },
    "40-49": {
      "count": 203,
      "MAE": 5.825618719211823,
      "Acc@1": 0.08866995073891626,
      "Acc@3": 0.2955665024630542,
      "CS@5": 0.5566502463054187
    },
    "50-59": {
      "count": 229,
      "MAE": 6.094,
      "Acc@1": 0.11353711790393013,
      "Acc@3": 0.3537117903930131,
      "CS@5": 0.5851528384279476
    },
    "60-69": {
      "count": 141,
      "MAE": 7.094501418439717,
      "Acc@1": 0.09219858156028368,
      "Acc@3": 0.2553191489361702,
      "CS@5": 0.4326241134751773
    },
    "70-79": {
      "count": 75,
      "MAE": 7.960958666666668,
      "Acc@1": 0.12,
      "Acc@3": 0.26666666666666666,
      "CS@5": 0.4266666666666667
    },
    "80-89": {
      "count": 52,
      "MAE": 7.6612,
      "Acc@1": 0.07692307692307693,
      "Acc@3": 0.36538461538461536,
      "CS@5": 0.46153846153846156
    },
    "90-99": {
      "count": 15,
      "MAE": 8.655646666666664,
      "Acc@1": 0.0,
      "Acc@3": 0.2,
      "CS@5": 0.4
    }
  },
  "checkpoint": "C:\\Users\\Administrator\\Desktop\\AI_exp\\final_model\\farl_vit_glae_best\\best_model.pth",
  "data_dir": "C:\\Users\\Administrator\\Desktop\\AI_exp\\data\\UTKFace",
  "split": "test",
  "mode": "vanilla",
  "tta": "flip",
  "local_blend": 0.0,
  "calibration": null
}