{
  "test": {
    "count": 2368,
    "MAE": 4.3674222550675665,
    "RMSE": 6.563228729215977,
    "MedianAE": 3.036999999999999,
    "Acc@1": 0.2326858108108108,
    "Acc@3": 0.49619932432432434,
    "CS@5": 0.6870777027027027,
    "CMAE": 5.569324004861266,
    "CS@1": 0.2326858108108108,
    "CS@2": 0.3796452702702703,
    "CS@3": 0.49619932432432434,
    "CS@4": 0.5983952702702703,
    "CS@6": 0.7504222972972973,
    "CS@7": 0.8048986486486487,
    "CS@8": 0.839527027027027,
    "CS@9": 0.8788006756756757,
    "CS@10": 0.9045608108108109,
    "balanced_route_ratio": 0.0
  }
}