strategy,MAE,RMSE,Acc@1,Acc@3,CS@5,CMAE,note
vanilla_head_flip_tta,4.3674223,6.5632287,0.2327,0.4962,0.6871,5.5693,自然头加水平翻转 TTA；总体 MAE 最好
balanced_head_flip_tta,4.5308897,6.7242144,0.2361,0.4818,0.6613,5.2283,平衡头加水平翻转 TTA；CMAE 最好
route_no_tta,4.4095078,6.6171604,0.2331,0.4954,0.6693,5.5290,路由模式但不使用翻转 TTA
route_flip_tta,4.4008489,6.5974149,0.2348,0.4920,0.6799,5.5295,最终主配置
