split,count,MAE,RMSE,MedianAE,Acc@1,Acc@3,CS@5,CMAE,balanced_route_ratio
val,2368,4.210136275337835,6.005476744140553,3.0025000000000013,0.22339527027027026,0.5,0.6828547297297297,5.068714620848877,0.19890202702702703
test,2368,4.4008488597972955,6.597414867021565,3.0899,0.23479729729729729,0.49197635135135137,0.6798986486486487,5.52952829955723,0.20185810810810811
